14.118.254.79,6666
218.3.164.133,61202
123.116.67.139,8118
124.235.127.208,8118
122.114.31.177,808
61.135.217.7,80
171.213.21.156,8888
117.36.103.170,8118
60.177.226.32,18118
218.72.111.189,18118
222.134.170.221,61234
111.170.104.115,61234
123.14.162.255,8118
183.159.82.201,18118
60.166.192.245,61234
60.177.228.138,18118
49.79.193.210,61234
183.159.84.92,18118
49.79.193.24,61234
183.159.90.200,18118
36.6.158.86,61234
183.159.93.215,18118
223.241.118.115,18118
60.177.226.204,18118
1.195.50.181,61234
223.241.117.169,18118
60.168.207.138,18118
182.91.117.72,8118
223.241.78.109,8010
121.62.62.149,61234
183.159.80.77,18118
117.57.97.228,61234
183.159.84.134,18118
112.245.235.237,61234
60.162.162.222,61234
183.159.84.196,18118
60.177.229.109,18118
117.66.133.145,8118
60.177.231.92,18118
182.42.39.76,61234
114.239.124.16,61234
223.241.117.121,8010
218.72.111.252,18118
183.159.82.38,18118
223.241.78.55,18118
113.121.36.112,61234
183.20.13.250,61234
101.27.22.198,61234
183.159.90.135,18118
1.198.136.252,61234
49.79.195.70,61234
223.241.78.129,18118
218.72.111.239,18118
223.241.116.227,18118
101.27.21.49,61234
124.113.213.117,61234
123.180.140.124,8118
118.122.92.252,37901
117.69.1.117,61234
60.177.224.47,18118
111.170.82.89,61234
60.177.228.14,18118
101.27.20.55,61234
110.73.35.56,8123
101.27.20.177,61234
211.147.67.150,80
183.159.95.138,18118
119.41.170.47,53281
101.27.23.207,61234
121.237.141.81,18118
183.159.88.255,18118
223.241.116.233,18118
111.183.229.164,61234
183.20.15.150,61234
222.134.164.177,61234
27.209.233.225,61234
14.120.183.102,61234
117.64.225.17,18118
183.159.92.171,18118
110.73.54.16,8123
223.241.119.40,18118
121.62.62.47,61234
182.105.1.248,61234
101.27.20.221,61234
125.127.148.199,61234
223.241.78.162,18118
27.209.4.127,61234
183.159.84.82,18118
111.183.231.75,61234
114.99.29.31,18118
14.120.181.10,61234
123.134.185.156,808
101.27.22.239,61234
183.159.95.209,18118
114.99.85.210,61234
61.143.23.185,35502
114.229.66.249,53281
183.159.95.227,18118
123.160.35.216,61234
122.237.105.175,80
111.183.229.164,61234
183.20.15.150,61234
222.134.164.177,61234
27.209.233.225,61234
14.120.183.102,61234
117.64.225.17,18118
110.73.54.16,8123
223.241.119.40,18118
121.62.62.47,61234
182.105.1.248,61234
101.27.20.221,61234
125.127.148.199,61234
223.241.78.162,18118
27.209.4.127,61234
114.99.29.31,18118
123.134.185.156,808
101.27.22.239,61234
183.159.95.209,18118
61.143.23.185,35502
114.229.66.249,53281
183.159.95.227,18118
123.160.35.216,61234
122.237.105.175,80
49.79.196.152,61234
183.159.81.224,18118
14.118.254.17,6666
117.86.17.59,25011
183.128.34.211,18118
115.237.236.111,32127
60.175.196.158,20186
183.159.91.222,18118
223.241.79.125,18118
183.20.8.149,61234
183.159.88.72,18118
121.234.22.133,61234
183.136.109.1,61234
14.120.180.7,61234
223.241.78.90,8010
223.240.209.36,18118
183.159.83.248,18118
49.79.193.107,61234
183.159.88.98,18118
183.159.86.119,18118
42.7.26.21,60443
27.209.164.31,61234
120.34.252.66,20784
117.63.78.174,6666
121.231.168.147,6666
60.177.228.0,18118
183.159.92.160,18118
49.79.195.141,61234
183.20.8.75,61234
223.241.78.94,18118
113.200.156.91,8118
49.79.195.10,61234
111.155.116.226,8123
183.159.95.148,18118
183.159.89.3,18118
183.159.86.211,18118
117.68.193.163,18118
223.241.116.48,8010
39.77.104.193,8118
223.241.78.134,18118
114.99.73.111,61234
117.57.98.101,61234
183.159.91.133,18118
223.241.118.157,8010
117.71.150.176,61234
183.159.90.191,18118
121.237.139.42,18118
112.239.90.159,61234
183.159.94.2,18118
39.71.181.196,8118
183.159.83.45,18118
115.213.231.175,61234
121.234.22.41,61234
183.159.87.10,18118
112.248.18.66,61234
124.135.118.179,61234
183.159.81.134,18118
183.159.88.225,18118
49.79.192.52,61234
106.111.41.93,61234
117.64.225.125,18118
14.120.183.5,61234
115.195.39.148,61234
183.159.92.156,18118
218.72.108.131,18118
117.64.237.6,18118
183.159.82.143,18118
115.53.60.135,61234
117.69.230.86,61234
183.159.87.227,18118
14.209.192.202,61234
121.234.22.161,61234
183.159.88.208,18118
183.159.89.141,18118
183.159.90.57,18118
60.177.231.142,18118
123.169.4.43,61234
223.241.117.110,8010
183.158.206.15,61234
111.170.104.101,61234
183.159.87.233,18118
118.249.143.67,8118
114.228.73.26,6666
223.241.79.80,8010
180.122.148.155,21557
223.241.118.167,8010
121.237.139.80,18118
223.241.79.173,8010
101.27.22.31,61234
183.159.93.15,18118
101.27.20.155,61234
111.170.104.181,61234
223.241.117.60,18118
218.72.111.82,18118
183.159.90.154,18118
223.241.116.245,8010
218.72.111.82,18118
14.120.182.9,61234
218.72.111.96,18118
121.234.22.92,61234
101.27.20.161,61234
113.86.220.48,1133
183.159.93.150,18118
183.159.81.218,18118
223.241.117.131,18118
183.159.80.228,18118
223.241.79.110,18118
223.241.79.1,8010
60.18.164.46,63000
60.177.231.128,18118
14.120.183.204,61234
183.159.85.203,18118
183.158.204.219,61234
114.99.24.246,18118
110.73.54.88,8123
60.177.226.67,18118
114.99.24.11,18118
114.99.26.20,18118
125.104.226.105,46564
221.229.18.61,3128
223.241.117.36,8010
223.145.230.251,6666
220.191.100.3,6666
222.185.137.89,6666
223.241.79.159,8010
218.72.110.152,18118
223.241.78.18,8010
114.230.96.160,47711
60.177.225.124,18118
183.159.90.160,18118
182.39.45.231,61234
121.234.22.49,61234
183.159.95.151,18118
223.241.117.203,18118
110.189.207.211,28327
1.194.116.136,43513
223.241.119.2,18118
60.168.207.141,18118
101.27.20.138,61234
218.72.111.165,18118
223.241.118.16,8010
223.241.117.122,8010
60.177.227.16,18118
183.159.95.140,18118
183.159.95.230,18118
223.241.78.32,18118
110.73.54.164,8123
183.158.23.72,44531
27.150.118.99,32655
110.73.50.101,8123
58.212.42.253,21419
60.177.231.43,18118
121.237.138.196,18118
121.237.143.180,18118
49.79.193.26,61234
183.159.86.21,18118
27.156.213.243,43527
223.241.116.252,8010
223.145.231.65,6666
223.241.117.42,18118
110.73.32.10,8123
183.128.35.16,18118
60.177.230.186,18118
114.99.26.218,18118
58.251.224.243,8118
121.237.141.96,18118
223.241.78.191,8010
223.241.116.75,8010
125.104.245.134,30685
122.241.72.78,3128
183.159.87.177,18118
183.23.74.131,808
60.177.228.72,18118
60.177.228.100,18118
218.72.108.128,18118
110.189.207.249,28972
223.241.116.236,18118
36.25.110.253,27246
171.15.93.163,37218
60.177.229.5,18118
121.237.139.148,18118
218.72.109.83,18118
183.159.80.81,18118
223.241.79.189,8010
183.159.84.150,18118
110.40.13.163,9000
223.241.117.214,18118
183.159.84.149,18118
60.177.225.224,18118
183.159.95.225,18118
183.159.91.76,18118
183.159.91.253,18118
115.202.66.23,39585
60.177.231.175,18118
113.206.246.178,8118
60.177.227.66,18118
223.241.78.201,8010
125.104.255.83,49455
223.241.117.32,8010
223.241.116.121,8010
183.159.80.231,18118
58.247.210.52,8118
110.73.31.90,8123
223.214.215.244,29884
115.213.242.110,25525
115.204.27.151,6666
223.241.78.53,808
60.17.203.193,43968
183.159.95.201,18118
183.159.90.60,18118
223.241.119.156,8010
27.40.138.194,61234
115.198.33.40,808
60.177.227.207,18118
123.149.160.142,49012
115.198.38.94,6666
115.204.33.59,31010
60.177.226.58,18118
223.241.116.247,18118
183.159.87.222,18118
183.159.83.229,18118
183.159.80.56,18118
114.218.248.166,8118
112.239.91.179,61234
183.159.83.51,18118
223.241.119.32,8010
183.159.81.28,18118
183.159.83.49,18118
223.241.116.200,8010
183.159.80.175,18118
218.72.109.97,18118
183.159.95.55,18118
60.177.227.212,18118
223.241.117.44,8010
117.68.193.127,18118
114.99.28.203,18118
183.159.94.231,18118
114.238.216.20,34283
183.159.84.44,18118
115.202.90.197,45496
223.241.79.64,8010
223.241.118.23,8010
123.55.190.149,808
183.159.83.138,18118
183.159.89.164,18118
60.177.226.22,18118
183.52.107.25,32022
223.241.117.79,8010
223.241.116.80,8010
125.127.131.166,61234
60.177.225.46,18118
222.89.30.126,808
60.177.228.168,18118
122.241.223.189,23924
49.85.4.170,36415
115.226.153.215,33611
223.241.116.143,8010
218.72.110.128,18118
60.177.225.248,18118
60.177.230.22,18118
115.215.57.143,44212
183.159.82.106,18118
223.241.78.226,8010
183.159.94.55,18118
183.159.82.91,18118
114.100.178.139,61234
223.241.118.227,18118
183.159.87.0,18118
180.118.243.37,808
183.159.92.172,18118
114.99.25.194,18118
110.189.207.28,29925
123.163.163.59,44806
60.177.225.75,18118
183.159.81.32,18118
223.241.78.87,18118
183.159.92.113,18118
114.100.178.139,61234
223.241.118.227,18118
183.159.87.0,18118
180.118.243.37,808
183.159.92.172,18118
114.99.25.194,18118
110.189.207.28,29925
123.163.163.59,44806
60.177.225.75,18118
183.159.81.32,18118
223.241.78.87,18118
183.159.92.113,18118
114.230.126.82,37118
60.175.199.45,37425
60.177.229.63,18118
223.241.117.25,8010
223.241.117.150,8010
223.241.116.146,8010
60.177.227.226,18118
183.159.87.77,18118
223.241.118.64,8010
120.33.247.134,48710
223.241.118.80,8010
182.88.163.93,8123
180.122.145.107,36847
42.233.230.155,63909
117.64.225.215,18118
27.40.145.230,61234
223.241.78.240,18118
222.185.137.50,6666
115.217.165.153,42463
223.241.79.93,8010
124.113.212.184,61234
49.73.151.182,8118
180.113.135.35,8118
183.159.84.213,18118
223.241.78.124,8010
223.241.118.213,8010
125.104.231.97,36239
60.177.226.121,18118
183.128.34.86,18118
183.159.82.47,18118
223.241.79.16,18118
115.230.61.197,47120
27.40.134.151,61234
60.177.225.18,18118
218.72.111.45,18118
115.221.115.130,27367
182.34.18.110,34491
114.232.161.151,33644
60.177.224.176,18118
60.177.224.86,18118
183.159.84.76,18118
223.241.79.197,8010
223.241.119.234,8010
171.11.228.107,41647
123.190.143.143,61202
218.72.108.124,18118
223.241.116.128,8010
218.72.110.64,18118
183.159.92.228,18118
223.241.78.107,8010
60.177.227.80,18118
183.159.80.108,18118
36.25.58.221,42304
218.73.136.35,43997
117.28.163.103,21065
183.159.82.85,18118
36.25.58.221,42304
218.73.136.35,43997
183.159.80.66,18118
183.159.83.230,18118
223.241.116.122,18118
223.241.79.102,18118
60.177.230.5,18118
183.159.81.245,18118
183.159.89.242,18118
125.116.174.193,1133
223.241.79.55,8010
61.143.19.214,21388
49.81.90.3,8118
114.226.135.176,6666
114.224.86.190,41278
223.241.78.8,8010
223.241.116.142,8010
223.241.78.246,8010
183.159.94.91,18118
114.230.122.197,34095
110.83.175.231,33683
183.159.89.202,18118
116.28.171.169,808
180.110.7.177,3128
110.189.207.71,33026
223.241.116.131,8010
223.241.119.64,18118
115.204.25.134,6666
101.27.20.206,61234
180.112.22.189,36750
125.78.105.207,35571
223.145.231.153,6666
125.122.169.5,6666
113.121.183.132,808
218.72.109.217,18118
60.177.231.138,18118
60.177.224.111,18118
110.73.9.188,8123
183.159.85.204,808
223.241.78.72,8010
125.118.72.124,61234
115.202.69.36,32048
27.10.114.1,61202
60.177.224.38,18118
115.202.68.218,44511
218.14.141.114,24161
110.73.32.111,8123
49.85.6.159,22751
218.72.108.49,18118
223.241.118.154,8010
60.177.227.147,18118
121.225.25.185,1133
111.180.198.38,61234
1.194.162.69,24154
27.22.62.199,6666
183.128.33.0,18118
223.241.119.87,8010
222.85.22.14,25539
222.188.50.179,61202
223.241.78.82,8010
123.114.61.131,8118
49.77.209.214,45088
110.90.134.35,37457
60.177.225.79,18118
182.88.188.18,8123
115.211.65.222,61202
222.185.23.178,6666
125.126.173.203,61202
111.172.47.24,61202
183.159.92.14,18118
116.229.153.3,8123
114.238.55.196,29868
223.241.117.164,18118
14.118.255.127,6666
1.196.158.222,30949
183.159.87.165,18118
183.159.84.177,18118
183.128.242.146,6666
60.177.226.200,18118
218.72.108.26,18118
60.176.234.228,808
117.70.115.148,61202
182.136.60.75,8123
27.40.148.52,61234
121.237.136.183,18118
183.159.82.87,18118
183.159.93.27,18118
122.235.175.120,8118
183.159.86.168,18118
120.92.88.202,10000
183.159.84.209,18118
113.110.192.170,61234
115.200.64.59,61202
223.241.118.130,8010
116.24.153.184,61234
110.73.52.39,8123
222.185.64.23,48888
110.73.53.86,8123
60.177.228.86,18118
218.72.111.83,18118
112.236.124.156,61202
223.241.79.177,8010
223.241.79.114,8010
182.42.36.176,808
122.4.42.229,45610
110.73.53.207,8123
59.58.243.250,27031
223.145.228.238,6666
171.34.61.19,8123
220.166.195.212,8118
120.33.247.17,808
223.241.78.19,8010
121.237.137.80,18118
61.144.111.197,8118
27.152.115.36,8118
223.241.118.10,8010
14.205.239.24,61202
223.241.118.251,8010
223.241.116.26,8010
175.151.156.32,61202
223.241.119.72,8010
121.237.138.58,18118
117.63.78.115,6666
183.159.83.166,18118
115.202.64.24,32185
223.241.119.106,8010
60.177.231.146,18118
183.159.90.208,18118
218.72.64.132,18118
111.155.116.210,8123
223.241.119.28,18118
183.159.86.35,18118
119.165.250.36,8118
60.176.233.114,808
121.237.143.75,18118
117.88.236.192,61202
113.76.16.107,6666
115.221.115.79,37600
223.241.118.145,8010
60.184.108.77,35841
111.155.116.232,8123
121.24.140.99,61202
171.37.162.97,8123
220.191.103.224,61234
114.232.170.215,41706
223.241.79.88,8010
223.241.116.115,8010
110.73.48.27,8123
1.188.56.29,61202
113.133.52.108,61202
218.72.64.13,18118
114.99.27.153,18118
183.159.94.236,18118
183.186.6.203,61202
114.99.25.46,18118
101.249.215.175,61202
116.24.152.56,61234
113.87.192.46,8118
60.177.229.194,18118
114.99.26.224,18118
60.168.244.202,18118
121.237.139.211,18118
183.159.89.47,18118
125.118.145.153,6666
110.73.30.135,8123
223.241.117.128,8010
223.241.119.165,8010
218.72.66.74,18118
183.159.88.124,18118
110.73.52.234,8123
113.120.60.224,22946
223.241.78.205,8010
114.231.70.41,29188
125.121.123.152,6666
183.159.95.107,18118
114.226.65.210,6666
14.118.253.163,6666
60.177.228.195,18118
14.118.253.100,6666
114.99.28.109,18118
223.145.231.123,6666
218.72.109.233,18118
218.72.110.206,18118
110.73.34.96,8123
60.177.226.212,18118
218.72.65.54,18118
60.177.227.213,18118
223.241.116.77,18118
218.72.64.74,18118
60.177.224.10,18118
183.159.90.221,18118
183.159.86.97,18118
183.159.83.10,18118
114.99.8.163,18118
218.72.108.67,18118
183.159.91.166,18118
14.118.253.227,6666
183.159.95.157,18118
60.177.230.6,18118
218.72.65.73,18118
223.241.117.39,8010
218.72.64.206,18118
114.99.24.51,18118
60.177.227.58,18118
120.0.60.222,61202
117.68.192.194,18118
60.177.230.163,18118
180.120.124.81,61202
114.230.98.59,47789
183.159.81.99,18118
49.65.160.100,18118
125.122.18.161,45496
183.159.90.174,18118
60.177.230.40,18118
115.59.70.255,8118
60.177.226.44,18118
218.72.67.250,18118
223.241.118.88,8010
218.72.66.7,18118
121.237.143.20,18118
223.241.117.76,8010
117.64.224.182,18118
116.196.120.31,808
183.159.84.70,18118
223.241.118.151,8010
183.159.80.62,18118
183.159.92.115,18118
223.241.78.143,18118
60.177.228.169,18118
183.159.92.136,18118
218.72.108.233,18118
121.237.137.236,18118
121.237.143.125,18118
124.161.66.53,8118
122.234.28.39,61202
218.72.109.124,18118
183.159.81.4,18118
60.177.229.231,18118
60.177.225.82,18118
223.241.78.88,8010
183.159.86.71,18118
183.159.92.45,18118
114.226.105.18,6666
117.94.69.190,61234
117.94.113.110,61234
183.159.91.23,18118
183.159.80.249,18118
223.241.78.183,18118
183.159.82.173,18118
171.12.177.249,61234
121.228.53.12,3128
60.177.224.43,18118
223.241.79.6,8010
223.241.78.15,8010
123.55.159.52,61234
183.159.90.227,18118
183.159.90.165,18118
1.198.13.200,61234
60.177.226.94,18118
113.87.194.141,61234
218.72.109.7,18118
223.241.118.235,8010
223.241.79.72,18118
183.159.83.241,18118
223.241.79.89,8010
123.180.69.40,8010
125.112.172.68,61234
60.177.226.142,18118
117.64.234.51,18118
60.177.230.155,61234
223.241.78.137,8010
183.159.80.113,18118
221.10.69.141,61202
121.228.49.84,3128
218.72.108.186,18118
113.67.73.245,8118
223.241.119.39,8010
182.121.203.151,61202
182.112.200.230,8118
111.192.183.70,8118
111.155.116.221,8123
60.177.227.44,18118
112.230.101.200,61202
183.159.90.133,18118
112.194.3.86,61202
112.250.176.25,61202
223.241.79.37,18118
183.159.83.190,18118
223.241.118.143,8010
114.230.216.219,23792
125.112.172.27,44420
60.177.225.151,18118
115.46.75.144,8123
139.198.191.105,8888
218.72.109.252,18118
114.228.73.182,6666
60.177.230.245,18118
223.241.118.72,18118
58.42.36.98,61202
60.166.118.53,61202
218.72.108.39,18118
49.77.61.28,8123
60.177.224.135,18118
59.33.68.196,6666
60.177.227.183,18118
49.75.190.215,8118
119.117.195.150,61202
114.226.128.250,6666
60.19.246.147,61202
112.67.173.255,61202
223.241.117.49,8010
112.114.0.183,61202
223.241.117.168,18118
60.168.206.131,18118
116.52.202.127,61202
223.241.118.234,808
114.99.24.185,18118
60.177.231.239,18118
115.202.83.188,33271
183.143.40.168,61234
223.241.78.126,8010
125.104.225.86,47566
114.219.120.96,61202
223.241.116.156,8010
223.241.117.155,8010
117.57.95.35,61234
60.177.229.28,18118
112.132.59.70,61202
183.159.83.246,18118
60.177.229.1,18118
183.159.85.98,18118
183.16.231.220,8123
183.159.82.100,18118
183.159.84.39,18118
183.159.88.185,18118
183.159.85.247,18118
122.192.39.152,8118
183.159.83.131,18118
117.57.95.174,61234
60.177.230.20,18118
106.57.254.172,61202
183.159.94.116,18118
183.159.93.170,18118
36.32.74.224,61202
115.198.32.71,6666
60.177.231.69,18118
60.168.172.190,18118
1.83.114.175,61202
222.140.182.9,61202
117.69.230.141,61234
222.86.108.39,61202
223.241.119.12,8010
183.159.88.137,18118
111.177.210.110,61202
183.159.91.170,18118
27.209.234.226,61234
60.177.231.2,18118
183.159.81.162,18118
60.177.230.33,18118
223.241.116.243,8010
60.177.226.182,18118
60.177.230.19,18118
183.159.83.42,18118
183.159.81.190,18118
223.241.117.113,18118
14.109.113.174,61202
175.2.58.39,61202
183.159.93.86,18118
183.157.170.152,8118
112.84.218.117,61202
125.117.248.83,61202
115.237.103.143,61202
183.159.80.74,18118
42.63.191.96,61202
180.122.151.242,42502
171.117.236.102,61202
183.159.80.146,18118
123.157.176.235,61202
60.177.225.213,18118
183.159.89.241,18118
119.116.177.12,61202
112.250.161.25,61202
60.177.230.224,18118
121.237.138.76,3128
60.177.230.58,18118
183.159.92.185,18118
183.159.92.88,18118
183.159.94.63,18118
115.225.30.24,61202
117.64.224.197,18118
114.228.74.244,6666
42.230.66.156,61202
183.184.255.130,61202
183.128.67.26,42245
223.241.116.133,8010
223.241.116.78,8010
171.35.10.158,61202
117.63.78.43,6666
218.72.109.223,18118
223.241.78.54,808
60.177.229.99,18118
223.241.78.234,18118
121.237.138.53,18118
115.193.239.72,61202
124.166.152.95,61202
183.167.30.253,61202
110.7.23.244,61202
183.159.95.221,18118
125.120.203.147,6666
110.73.50.194,8123
218.72.109.86,18118
218.72.110.190,18118
115.230.246.29,8118
223.241.118.197,8010
183.159.90.230,18118
60.177.229.129,18118
114.228.73.187,6666
123.158.124.140,61202
110.252.176.83,61202
112.239.134.70,61202
183.155.110.68,61202
106.32.21.92,61202
36.32.134.222,61202
114.103.195.207,61202
60.169.220.130,35071
171.113.117.233,61202
183.159.88.84,18118
114.225.51.247,61202
115.48.182.220,61202
60.177.225.65,18118
125.104.255.213,47938
218.72.108.194,18118
125.114.127.184,61202
183.159.86.227,18118
117.68.192.139,18118
183.159.89.148,18118
183.159.91.116,18118
140.250.135.105,23996
223.145.228.160,6666
183.128.32.108,18118
114.232.169.102,42442
220.162.73.72,25981
60.168.206.202,18118
183.159.93.53,18118
183.159.83.162,18118
60.168.80.179,18118
223.241.118.9,8010
223.241.118.183,8010
183.159.84.210,18118
183.159.83.206,18118
223.241.78.237,8010
1.195.254.41,61234
60.177.229.238,18118
183.159.81.129,18118
223.241.79.40,18118
117.94.153.75,61234
49.65.161.119,18118
125.104.250.41,46615
183.159.90.111,18118
171.14.233.226,29182
220.191.14.229,6666
115.213.206.106,37015
117.64.224.44,18118
218.72.111.238,18118
1.195.49.107,61234
183.159.91.162,18118
60.177.229.156,18118
223.241.116.123,8010
114.228.74.154,6666
125.116.175.164,3128
114.99.24.110,808
183.159.91.67,18118
183.159.85.126,18118
60.177.226.127,18118
121.237.143.4,18118
60.177.228.31,18118
111.173.111.80,37571
180.120.204.110,46388
110.89.132.33,41725
180.122.148.81,47510
49.85.0.92,21186
121.237.138.237,18118
121.237.139.89,18118
223.241.117.10,8010
223.241.78.141,8010
125.118.75.112,6666
60.177.226.5,18118
223.241.78.92,8010
27.40.137.199,61234
183.159.81.181,18118
183.159.83.195,18118
223.241.116.58,8010
183.159.85.205,18118
60.177.230.204,18118
183.159.82.92,18118
117.68.193.75,18118
183.159.88.239,18118
223.241.117.133,18118
183.159.80.218,18118
183.145.204.172,3128
49.79.196.68,61234
14.112.76.108,61234
183.159.91.198,18118
219.139.109.10,61202
183.159.90.177,18118
218.72.109.249,18118
183.159.89.128,18118
218.72.110.214,18118
115.237.13.176,8118
202.194.198.8,61202
112.239.90.125,61234
121.237.137.237,18118
60.177.229.55,18118
49.79.196.45,61234
116.24.155.94,61234
49.79.194.201,61234
125.104.227.229,39250
218.72.109.218,18118
218.72.109.91,18118
183.159.95.204,18118
121.207.79.191,36956
60.168.207.142,18118
183.159.81.222,18118
183.128.35.196,18118
60.177.229.118,18118
114.99.29.247,18118
117.68.195.233,18118
223.241.116.11,8010
223.241.78.218,8010
223.241.79.157,8010
183.159.83.207,18118
183.159.80.213,18118
